[
    {
        "ticketId": 1,
        "severity": "INFO",
        "date": 1572892200000,
        "logMessage": " This is info log",
        "solution": "Not Available",
        "appName": "My App",
        "open": true
    },
    {
        "ticketId": 2,
        "severity": "INFO",
        "date": 1572892200000,
        "logMessage": " This is info log",
        "solution": "Not Available",
        "appName": "My App",
        "open": true
    },
    {
        "ticketId": 3,
        "severity": "ERROR",
        "date": 1573151400000,
        "logMessage": " Incompatiable type",
        "solution": "Check your variable type",
        "appName": "My App",
        "open": true
    }
]  