[
    {
      "date": 1572566400000,
      "severity": [
        "INFO",
        "DEBUG",
        "WARN",
        "ERROR",
        "FATAL"
      ],
      "count": [
        0,
        0,
        0,
        0,
        0
      ]
    },
    {
      "date": 1572652800000,
      "severity": [
        "INFO",
        "DEBUG",
        "WARN",
        "ERROR",
        "FATAL"
      ],
      "count": [
        0,
        0,
        0,
        0,
        0
      ]
    },
    {
      "date": 1572739200000,
      "severity": [
        "INFO",
        "DEBUG",
        "WARN",
        "ERROR",
        "FATAL"
      ],
      "count": [
        0,
        0,
        0,
        0,
        0
      ]
    },
    {
      "date": 1572825600000,
      "severity": [
        "INFO",
        "DEBUG",
        "WARN",
        "ERROR",
        "FATAL"
      ],
      "count": [
        0,
        0,
        0,
        0,
        0
      ]
    },
    {
      "date": 1572912000000,
      "severity": [
        "INFO",
        "DEBUG",
        "WARN",
        "ERROR",
        "FATAL"
      ],
      "count": [
        658,
        0,
        658,
        658,
        0
      ]
    },
    {
      "date": 1572998400000,
      "severity": [
        "INFO",
        "DEBUG",
        "WARN",
        "ERROR",
        "FATAL"
      ],
      "count": [
        0,
        0,
        0,
        0,
        0
      ]
    },
    {
      "date": 1573084800000,
      "severity": [
        "INFO",
        "DEBUG",
        "WARN",
        "ERROR",
        "FATAL"
      ],
      "count": [
        700,
        600,
        300,
        400,
        500
      ]
    }
  ]